{"indexes":[{"v":{"$numberInt":"2"},"key":{"_id":{"$numberInt":"1"}},"name":"_id_"},{"v":{"$numberInt":"2"},"key":{"email":{"$numberInt":"1"}},"name":"email_1","background":true,"unique":true},{"v":{"$numberInt":"2"},"key":{"uuid":{"$numberInt":"1"}},"name":"uuid_1","background":true,"unique":true},{"v":{"$numberInt":"2"},"key":{"apiKey":{"$numberInt":"1"}},"name":"apiKey_1","background":true,"unique":true}],"uuid":"68ad8603af614f7da04db9be01f8c0ea","collectionName":"admins","type":"collection"}