{"indexes":[{"v":{"$numberInt":"2"},"key":{"_id":{"$numberInt":"1"}},"name":"_id_"},{"v":{"$numberInt":"2"},"key":{"userUuid":{"$numberInt":"1"}},"name":"userUuid_1","background":true},{"v":{"$numberInt":"2"},"key":{"userId":{"$numberInt":"1"},"createdAt":{"$numberInt":"-1"}},"name":"userId_1_createdAt_-1","background":true},{"v":{"$numberInt":"2"},"key":{"userUuid":{"$numberInt":"1"},"createdAt":{"$numberInt":"-1"}},"name":"userUuid_1_createdAt_-1","background":true},{"v":{"$numberInt":"2"},"key":{"status":{"$numberInt":"1"}},"name":"status_1","background":true}],"uuid":"846627e19dc94c9e91034b4f4be53130","collectionName":"backups","type":"collection"}