{"indexes":[{"v":{"$numberInt":"2"},"key":{"_id":{"$numberInt":"1"}},"name":"_id_"},{"v":{"$numberInt":"2"},"key":{"email":{"$numberInt":"1"}},"name":"email_1","background":true,"unique":true},{"v":{"$numberInt":"2"},"key":{"username":{"$numberInt":"1"}},"name":"username_1","background":true,"unique":true},{"v":{"$numberInt":"2"},"key":{"uuid":{"$numberInt":"1"}},"name":"uuid_1","background":true,"unique":true}],"uuid":"c7c58ae27b484921849f9b1dc8342cb6","collectionName":"users","type":"collection"}